vin,year,make,model,trim,price,miles,cpo,dealer,city,state,zip,listing_url
5UX43DP06R9X47664,2024,BMW,X3,sDrive30i,43793,6867,True,Pacific BMW,Glendale,CA,,https://www.autolist.com/bmw-x3#vin=5UX43DP06R9X47664
5UX53GP04S9080959,2025,BMW,X3,30 xDrive,44101,10746,True,BMW of Chula Vista,Chula Vista,CA,,https://www.autolist.com/bmw-x3#vin=5UX53GP04S9080959
5UX53GP07T9204725,2026,BMW,X3,30 xDrive,43885,7618,True,BMW of San Diego,San Diego,CA,,https://www.autolist.com/bmw-x3#vin=5UX53GP07T9204725
5UX43DP04P9S09509,2023,BMW,X3,sDrive30i,32893,29591,True,Pacific BMW,Glendale,CA,,https://www.autolist.com/bmw-x3#vin=5UX43DP04P9S09509
5UX43DP07R9V46257,2024,BMW,X3,sDrive30i,33651,32876,True,BMW of Downtown Los Angeles,Los Angeles,CA,,https://www.autolist.com/bmw-x3#vin=5UX43DP07R9V46257
5UXTY3C03M9F07898,2021,BMW,X3,sDrive30i,21883,66934,True,Chevrolet of Montebello,Montebello,CA,,https://www.autolist.com/bmw-x3#vin=5UXTY3C03M9F07898
5UX43DP05R9W52139,2024,BMW,X3,sDrive30i,37995,11934,True,bmw of buena park,Buena Park,CA,90621,https://bmwbuenapark.com/certified/BMW/2024-BMW-X3-1b8a88d3ac181e3327553039528728f2.htm
5UX53GP01S9030892,2025,BMW,X3,30 xDrive,42377,12834,True,bmw of buena park,Buena Park,CA,90621,https://bmwbuenapark.com/certified/BMW/2025-BMW-X3-5f39cb74ac1803a84bdbf46db11b7a87.htm
5UX53GP02S9030982,2025,BMW,X3,30 xDrive,48510,1041,True,bmw of buena park,Buena Park,CA,90621,https://bmwbuenapark.com/certified/BMW/2025-BMW-X3-645f6f1cac185191c275d2ad0529cfca.htm
5UX53GP02S9032599,2025,BMW,X3,30 xDrive,46977,664,True,bmw of buena park,Buena Park,CA,90621,https://bmwbuenapark.com/certified/BMW/2025-BMW-X3-5f39c785ac18288f6149a1ab549b7b6b.htm
5UX53GP02S9118320,2025,BMW,X3,30 xDrive,52165,12282,True,bmw of buena park,Buena Park,CA,90621,https://bmwbuenapark.com/certified/BMW/2025-BMW-X3-1b8a1032ac1840bc3dde7e43f5ef2d12.htm
5UX53GP05T9160062,2026,BMW,X3,30 xDrive,49977,523,True,bmw of buena park,Buena Park,CA,90621,https://bmwbuenapark.com/certified/BMW/2026-BMW-X3-24fc42b7ac1827bd9540ac674f888dae.htm
5UX53GP05T9224973,2026,BMW,X3,30 xDrive,49977,1571,True,bmw of buena park,Buena Park,CA,90621,https://bmwbuenapark.com/certified/BMW/2026-BMW-X3-7c6a1796ac1840b03fb0b7a386c8609a.htm
5UX53GP07T9149273,2026,BMW,X3,30 xDrive,45445,10617,True,bmw of buena park,Buena Park,CA,90621,https://bmwbuenapark.com/certified/BMW/2026-BMW-X3-6c737a44ac1851c1ca6e0f385978bc13.htm
5UX53GP09S9039677,2025,BMW,X3,30 xDrive,51325,12125,True,bmw of buena park,Buena Park,CA,90621,https://bmwbuenapark.com/certified/BMW/2025-BMW-X3-a64a986aac182aca90f6fc651896a568.htm
5UX53GP0XS9138685,2025,BMW,X3,30 xDrive,53745,12019,True,bmw of buena park,Buena Park,CA,90621,https://bmwbuenapark.com/certified/BMW/2025-BMW-X3-f77e3036ac180771dd7429cba4a6ab6b.htm
5UX53GP0XT9248525,2026,BMW,X3,30 xDrive,47845,7608,True,bmw of buena park,Buena Park,CA,90621,https://bmwbuenapark.com/certified/BMW/2026-BMW-X3-c48a912fac183d310e10b67dd5fcb66e.htm
5UX83DP05R9U95245,2024,BMW,X3,M40i,57380,11273,True,bmw of buena park,Buena Park,CA,90621,https://bmwbuenapark.com/certified/BMW/2024-BMW-X3-1680a9edac181da0dd1bebc35a1cc9b3.htm
5UX43DP00R9U47294,2024,BMW,X3,sDrive30i,34500,21594,True,bmw of carlsbad,Carlsbad,CA,92008,https://bmwencinitas.com/certified/BMW/2024-BMW-X3-e80b6e39ac180936a0a72ed8f4efe1f0.htm
5UX43DP01R9T97747,2024,BMW,X3,sDrive30i,35999,22052,True,bmw of carlsbad,Carlsbad,CA,92008,https://bmwencinitas.com/certified/BMW/2024-BMW-X3-3f7ed767ac184f13ca20cd18e5bd7845.htm
5UX43DP05P9T30209,2023,BMW,X3,sDrive30i,31999,39929,True,bmw of carlsbad,Carlsbad,CA,92008,https://bmwencinitas.com/certified/BMW/2023-BMW-X3-60da1d48ac182113dd76063d08a8bbf1.htm
5UX53DP09R9U01094,2024,BMW,X3,xDrive30i,34077,38903,True,bmw of carlsbad,Carlsbad,CA,92008,https://bmwencinitas.com/certified/BMW/2024-BMW-X3-5972bbe4ac185c308f227df7baa8aa0e.htm
5UX83DP05R9V00542,2024,BMW,X3,M40i,52876,33354,True,bmw of carlsbad,Carlsbad,CA,92008,https://bmwencinitas.com/certified/BMW/2024-BMW-X3-5e7dd788ac184d5f17da7ab134c17f76.htm
WBX47DP01PN214375,2023,BMW,X3,sDrive30i,31405,30093,True,bmw of carlsbad,Carlsbad,CA,92008,https://bmwencinitas.com/certified/BMW/2023-BMW-X3-7a687267ac185f04cd770b9fec741788.htm
5UX43DP04P9P47000,2023,BMW,X3,sDrive30i,21862,78157,True,sunrise ford,Fontana,CA,92335,https://sunrisefordnoho.com/certified/BMW/2023-BMW-X3-f7956526ac180605cb7069070f17c0fe.htm
5UX43DP0XP9R90911,2023,BMW,X3,sDrive30i,30888,42422,True,irvine bmw,Irvine,CA,92618,https://irvinebmw.com/certified/BMW/2023-BMW-X3-b50ca2fbac184b703a7f6e3f151652d5.htm
5UX43DP0XP9S97398,2023,BMW,X3,sDrive30i,36888,33419,True,irvine bmw,Irvine,CA,92618,https://irvinebmw.com/certified/BMW/2023-BMW-X3-265d3251ac185abe565e24b0ac382a61.htm
5UX53DP00R9T66008,2024,BMW,X3,xDrive30i,34888,47013,True,irvine bmw,Irvine,CA,92618,https://irvinebmw.com/certified/BMW/2024-BMW-X3-b620adb6ac1810ac5033d1c6b17e7c41.htm
5UX53DP01P9R81888,2023,BMW,X3,xDrive30i,34888,28450,True,irvine bmw,Irvine,CA,92618,https://irvinebmw.com/certified/BMW/2023-BMW-X3-e2feba92ac1848577d09264589587a47.htm
5UX83DP01R9W01903,2024,BMW,X3,M40i,55888,10353,True,irvine bmw,Irvine,CA,92618,https://irvinebmw.com/certified/BMW/2024-BMW-X3-d91f3eb6ac185eec87751305ef412d43.htm
5UX83DP04R9U93597,2024,BMW,X3,M40i,57888,14884,True,irvine bmw,Irvine,CA,92618,https://irvinebmw.com/certified/BMW/2024-BMW-X3-dfbd36b6ac185c3035c89e233bee8154.htm
5UX43DP01P9S23142,2023,BMW,X3,sDrive30i,34898,14263,True,crown lexus,Ontario,CA,91761,https://crownlexus.com/certified/BMW/2023-BMW-X3-ed88ff6eac180936a0a72ed8cd31b64a.htm
5UX43DP01P9T20647,2023,BMW,X3,sDrive30i,32699,23622,True,crown lexus,Ontario,CA,91761,https://crownlexus.com/certified/BMW/2023-BMW-X3-dca5e4c9ac185c3035c89e2389972047.htm
5UX43DP01R9T51156,2024,BMW,X3,sDrive30i,31999,33276,True,crown lexus,Ontario,CA,91761,https://crownlexus.com/certified/BMW/2024-BMW-X3-44e358cfac1858c9a0e649255c0161bd.htm
5UX43DP02P9R83483,2023,BMW,X3,sDrive30i,29999,48780,True,crown lexus,Ontario,CA,91761,https://crownlexus.com/certified/BMW/2023-BMW-X3-183db24aac1832e951f5fea7a3b31a41.htm
5UX43DP02R9T57371,2024,BMW,X3,sDrive30i,32996,14320,True,crown lexus,Ontario,CA,91761,https://crownlexus.com/certified/BMW/2024-BMW-X3-612454bfac1840e460b67eb247e83bdc.htm
5UX43DP03P9T20505,2023,BMW,X3,sDrive30i,33999,27153,True,crown lexus,Ontario,CA,91761,https://crownlexus.com/certified/BMW/2023-BMW-X3-493768a4ac180b7620d871ae5fd33929.htm
5UX43DP05R9T66047,2024,BMW,X3,sDrive30i,31997,33615,True,crown lexus,Ontario,CA,91761,https://crownlexus.com/certified/BMW/2024-BMW-X3-af4f32a4ac1834a791521c6b09339fef.htm
5UX43DP0XR9U27215,2024,BMW,X3,sDrive30i,35999,29034,True,crown lexus,Ontario,CA,91761,https://crownlexus.com/certified/BMW/2024-BMW-X3-3fd5310dac182f099195f5301d6f3ec0.htm
5UX53DP03R9U00457,2024,BMW,X3,xDrive30i,36698,18821,True,crown lexus,Ontario,CA,91761,https://crownlexus.com/certified/BMW/2024-BMW-X3-edcf50a9ac185c8404187ace274e4a69.htm
5UX83DP0XP9T13035,2023,BMW,X3,M40i,47999,39854,True,crown lexus,Ontario,CA,91761,https://crownlexus.com/certified/BMW/2023-BMW-X3-3be9b67aac1829bdebbeb55969f1aea7.htm
WBX57DP00PN247484,2023,BMW,X3,xDrive30i,33698,32050,True,crown lexus,Ontario,CA,91761,https://crownlexus.com/certified/BMW/2023-BMW-X3-c80afa27ac18477fe6a880254a369a3f.htm
WBX57DP0XPN207476,2023,BMW,X3,xDrive30i,32996,34801,True,crown lexus,Ontario,CA,91761,https://crownlexus.com/certified/BMW/2023-BMW-X3-805f7054ac185d005aaedd20f6c9a4fb.htm
5UX53GP06T9171698,2026,BMW,X3,30 xDrive,47577,6329,True,Valencia BMW,Valencia,CA,91355,https://www.carfax.com/vehicle/5UX53GP06T9171698
5UX53GP0XT9239999,2026,BMW,X3,30 xDrive,46277,10152,True,Valencia BMW,Valencia,CA,91355,https://www.carfax.com/vehicle/5UX53GP0XT9239999
5UX43DP07P9P09700,2023,BMW,X3,sDrive30i,33160,43527,True,BMW of San Diego,San Diego,CA,92111,https://www.autolist.com/bmw-x3#vin=5UX43DP07P9P09700
5UX43DP06P9N64892,2023,BMW,X3,sDrive30i,33973,53213,True,Crevier BMW,Santa Ana,CA,92705,https://www.autolist.com/bmw-x3#vin=5UX43DP06P9N64892
5UX43DP08P9S06614,2023,BMW,X3,sDrive30i,34060,16549,True,BMW of San Diego,San Diego,CA,92111,https://www.autolist.com/bmw-x3#vin=5UX43DP08P9S06614
5UX53GP03T9247572,2026,BMW,X3,30 xDrive,46960,6329,True,BMW of San Diego,San Diego,CA,92111,https://www.autolist.com/bmw-x3#vin=5UX53GP03T9247572
5UX53GP06T9241703,2026,BMW,X3,30 xDrive,49345,6137,True,BMW of San Diego,San Diego,CA,92111,https://www.autolist.com/bmw-x3#vin=5UX53GP06T9241703
5UX43DP09P9T28270,2023,BMW,X3,sDrive30i,33496,21178,True,Rusnak BMW,Westlake Village,CA,91362,https://www.autolist.com/bmw-x3#vin=5UX43DP09P9T28270
5UX53GP01T9205580,2026,BMW,X3,30 xDrive,49788,5511,True,BMW of Palm Springs,Palm Springs,CA,92264,https://www.autolist.com/bmw-x3#vin=5UX53GP01T9205580
5UX53GP04T9199712,2026,BMW,X3,30 xDrive,48488,5537,True,BMW of Palm Springs,Palm Springs,CA,92264,https://www.autolist.com/bmw-x3#vin=5UX53GP04T9199712
5UX53GP05T9216825,2026,BMW,X3,30 xDrive,48488,5500,True,BMW of Palm Springs,Palm Springs,CA,92264,https://www.autolist.com/bmw-x3#vin=5UX53GP05T9216825
5UX53GP06T9211861,2026,BMW,X3,30 xDrive,49988,5649,True,BMW of Palm Springs,Palm Springs,CA,92264,https://www.autolist.com/bmw-x3#vin=5UX53GP06T9211861
5UX53GP02T9224221,2026,BMW,X3,30 xDrive,46960,6194,True,BMW of San Diego,San Diego,CA,92111,https://www.autolist.com/bmw-x3#vin=5UX53GP02T9224221
5UX53GP04T9240131,2026,BMW,X3,30 xDrive,47973,6380,True,BMW of San Diego,San Diego,CA,92111,https://www.autolist.com/bmw-x3#vin=5UX53GP04T9240131
5UX53GP04T9247693,2026,BMW,X3,30 xDrive,48960,4980,True,BMW of San Diego,San Diego,CA,92111,https://www.autolist.com/bmw-x3#vin=5UX53GP04T9247693
5UX53GP05T9248027,2026,BMW,X3,30 xDrive,48973,5349,True,BMW of San Diego,San Diego,CA,92111,https://www.autolist.com/bmw-x3#vin=5UX53GP05T9248027
5UX83DP01R9T52051,2024,BMW,X3,M40i,52488,33337,True,BMW of Palm Springs,Palm Springs,CA,92264,https://www.autolist.com/bmw-x3#vin=5UX83DP01R9T52051
5UX53GP08T9223607,2026,BMW,X3,30 xDrive,46860,6226,True,BMW of San Diego,San Diego,CA,92111,https://www.autolist.com/bmw-x3#vin=5UX53GP08T9223607
5UX53GP02T9223957,2026,BMW,X3,30 xDrive,45073,5120,True,BMW of San Diego,San Diego,CA,92111,https://www.autolist.com/bmw-x3#vin=5UX53GP02T9223957
5UX73GP05S9042617,2025,BMW,X3,M50 xDrive,59973,4838,True,Crevier BMW,Santa Ana,CA,92705,https://www.autolist.com/bmw-x3#vin=5UX73GP05S9042617
WBX57DP07PN246901,2023,BMW,X3,xDrive30i,33996,43948,True,Rusnak BMW,Westlake Village,CA,91362,https://www.autolist.com/bmw-x3#vin=WBX57DP07PN246901
WBX57DP08PN215592,2023,BMW,X3,xDrive30i,32996,30440,True,Rusnak BMW,Westlake Village,CA,91362,https://www.autolist.com/bmw-x3#vin=WBX57DP08PN215592
5UX53GP00T9230194,2026,BMW,X3,30 xDrive,44977,8117,True,Valencia BMW,Valencia,CA,91355,https://www.carfax.com/vehicle/5UX53GP00T9230194
5UX43DP02R9U11705,2024,BMW,X3,sDrive30i,36411,29614,True,bob smith mini,Calabasas,CA,91302,https://bobsmithmini.com/inventory/Used-2024-BMW-X3-sDrive30i-5UX43DP02R9U11705
5UX43DP02R9W16540,2024,BMW,X3,sDrive30i Sports Activity Vehicle,37911,22566,True,bob smith mini,Calabasas,CA,91302,https://bobsmithmini.com/inventory/Used-2024-BMW-X3-sDrive30i_Sports_Activity_Vehicle-5UX43DP02R9W16540
5UX43DP03R9U37987,2024,BMW,X3,sDrive30i,35411,24879,True,bob smith mini,Calabasas,CA,91302,https://bobsmithmini.com/inventory/Used-2024-BMW-X3-sDrive30i-5UX43DP03R9U37987
5UX53DP09P9S45913,2023,BMW,X3,xDrive30i Sports Activity Vehicle,36911,16733,True,bob smith mini,Calabasas,CA,91302,https://bobsmithmini.com/inventory/Used-2023-BMW-X3-xDrive30i_Sports_Activity_Vehicle-5UX53DP09P9S45913
5UX83DP01R9T92372,2024,BMW,X3,M40i Sports Activity Vehicle,54911,19732,True,bob smith mini,Calabasas,CA,91302,https://bobsmithmini.com/inventory/Used-2024-BMW-X3-M40i_Sports_Activity_Vehicle-5UX83DP01R9T92372
WBX47DP05RN276011,2024,BMW,X3,sDrive30i Sports Activity Vehicle South Africa,39411,17664,True,bob smith mini,Calabasas,CA,91302,https://bobsmithmini.com/inventory/Used-2024-BMW-X3-sDrive30i_Sports_Activity_Vehicle_South_Africa-WBX47DP05RN276011
5UX43DP00R9W49813,2024,BMW,X3,sDrive30i,37080,28009,True,BMW of Sherman Oaks,Van Nuys,CA,,https://www.lithia.com/catcher.esl?vin=5UX43DP00R9W49813&utm_source=autolist&utm_medium=referral&utm_campaign=vdp_deep_link
5UX43DP06R9T52044,2024,BMW,X3,sDrive30i,36496,26750,True,Rusnak BMW,Thousand Oaks,CA,,https://www.autolist.com/bmw-x3#vin=5UX43DP06R9T52044
5UX53DP01P9S95849,2023,BMW,X3,xDrive30i,35893,30571,True,Pacific BMW,Glendale,CA,,https://www.autolist.com/bmw-x3#vin=5UX53DP01P9S95849
5UX43DP00R9T76002,2024,BMW,X3,sDrive30i,34080,31844,True,BMW of Sherman Oaks,Van Nuys,CA,,https://www.lithia.com/catcher.esl?vin=5UX43DP00R9T76002&utm_source=autolist&utm_medium=referral&utm_campaign=vdp_deep_link
5UX43DP07P9T10608,2023,BMW,X3,sDrive30i,35085,28012,True,BMW of Sherman Oaks,Van Nuys,CA,,https://www.lithia.com/catcher.esl?vin=5UX43DP07P9T10608&utm_source=autolist&utm_medium=referral&utm_campaign=vdp_deep_link
5UX53DP08P9R66207,2023,BMW,X3,xDrive30i,35003,29997,True,Pacific BMW,Glendale,CA,,https://www.autolist.com/bmw-x3#vin=5UX53DP08P9R66207
5UX43DP02R9W38974,2024,BMW,X3,sDrive30i,28970,42033,True,New Century BMW,Alhambra,CA,,https://www.autolist.com/bmw-x3#vin=5UX43DP02R9W38974
5UX53GP0XS9Y54082,2025,BMW,X3,30 xDrive,39996,33484,True,Rusnak BMW,Westlake Village,CA,91362,https://www.autolist.com/bmw-x3#vin=5UX53GP0XS9Y54082
5UX43DP02P9S78165,2023,BMW,X3,sDrive30i,34996,27314,True,Rusnak BMW,Westlake Village,CA,91362,https://www.autolist.com/bmw-x3#vin=5UX43DP02P9S78165
5UX43DP08P9R66252,2023,BMW,X3,sDrive30i,34996,27112,True,Rusnak BMW,Westlake Village,CA,91362,https://www.autolist.com/bmw-x3#vin=5UX43DP08P9R66252
5UX53GP06T9221841,2026,BMW,X3,30 xDrive,48988,5860,True,BMW of Palm Springs,Palm Springs,CA,92264,https://www.autolist.com/bmw-x3#vin=5UX53GP06T9221841
5UX73GP04T9453153,2026,BMW,X3,M50 xDrive,61988,3641,True,BMW of Palm Springs,Palm Springs,CA,92264,https://www.autolist.com/bmw-x3#vin=5UX73GP04T9453153
5UX53GP05T9197340,2026,BMW,X3,30 xDrive,44885,5741,True,BMW of San Diego,San Diego,CA,92111,https://www.autolist.com/bmw-x3#vin=5UX53GP05T9197340
5UX53GP09T9224300,2026,BMW,X3,30 xDrive,44885,6769,True,BMW of San Diego,San Diego,CA,92111,https://www.autolist.com/bmw-x3#vin=5UX53GP09T9224300
5UX43DP02P9R59913,2023,BMW,X3,sDrive30i,32973,20176,True,Crevier BMW,Santa Ana,CA,92705,https://www.autolist.com/bmw-x3#vin=5UX43DP02P9R59913
5UX53DP02P9T36697,2023,BMW,X3,xDrive30i,39973,22053,True,Crevier BMW,Santa Ana,CA,92705,https://www.autolist.com/bmw-x3#vin=5UX53DP02P9T36697
5UX43DP03P9T21041,2023,BMW,X3,sDrive30i Sports Activity Vehicle,31411,37339,True,bob smith mini,Calabasas,CA,91302,https://bobsmithmini.com/inventory/Used-2023-BMW-X3-sDrive30i_Sports_Activity_Vehicle-5UX43DP03P9T21041
5UX53GP03T9453491,2026,BMW,X3,30 xDrive,49090,1609,True,BMW of Chula Vista,Chula Vista,CA,,https://www.autolist.com/bmw-x3#vin=5UX53GP03T9453491
5UX43DP04P9S74022,2023,BMW,X3,sDrive30i,37893,4539,True,Pacific BMW,Glendale,CA,,https://www.autolist.com/bmw-x3#vin=5UX43DP04P9S74022
5UX43DP07R9U04653,2024,BMW,X3,sDrive30i,38893,32362,True,Pacific BMW,Glendale,CA,,https://www.autolist.com/bmw-x3#vin=5UX43DP07R9U04653
5UX43DP0XR9T98833,2024,BMW,X3,sDrive30i,37080,31200,True,BMW of Sherman Oaks,Van Nuys,CA,,https://www.lithia.com/catcher.esl?vin=5UX43DP0XR9T98833&utm_source=autolist&utm_medium=referral&utm_campaign=vdp_deep_link
5UX43DP09P9R62498,2023,BMW,X3,sDrive30i,31893,37245,True,Pacific BMW,Glendale,CA,,https://www.autolist.com/bmw-x3#vin=5UX43DP09P9R62498
5UX43DP09R9T52202,2024,BMW,X3,sDrive30i,31080,38471,True,BMW of Sherman Oaks,Van Nuys,CA,,https://www.lithia.com/catcher.esl?vin=5UX43DP09R9T52202&utm_source=autolist&utm_medium=referral&utm_campaign=vdp_deep_link
WA1BAAFYXM2116092,2021,Audi,Q5,45 Premium,19162,70465,True,sunrise ford,Fontana,CA,92335,https://sunrisefordnoho.com/certified/Audi/2021-Audi-Q5-081c3e38ac185c8404187acee6179b6e.htm
WA12AAGU4S2028292,2025,Audi,Q5,Premium Plus,42334,7607,True,Audi San Diego,San Diego,CA,92126,https://www.autolist.com/audi-q5#vin=WA12AAGU4S2028292
WA12AAGU8S2043202,2025,Audi,Q5,Premium Plus,44865,5472,True,Rusnak/Westlake Audi,Westlake Village,CA,91362,https://www.autolist.com/audi-q5#vin=WA12AAGU8S2043202
WA12AAGU8S2084591,2025,Audi,Q5,Premium Plus,45865,6164,True,Rusnak/Westlake Audi,Westlake Village,CA,91362,https://www.autolist.com/audi-q5#vin=WA12AAGU8S2084591
WA12AAGU9S2084776,2025,Audi,Q5,Premium Plus,45865,5266,True,Rusnak/Westlake Audi,Westlake Village,CA,91362,https://www.autolist.com/audi-q5#vin=WA12AAGU9S2084776
WA12AAGU2T2007426,2026,Audi,Q5,Premium Plus,50882,2885,True,Audi Riverside,Riverside,CA,92504,https://www.carfax.com/vehicle/WA12AAGU2T2007426
WA12AAGU1S2084173,2025,Audi,Q5,Premium Plus,45865,5121,True,Rusnak/Westlake Audi,Westlake Village,CA,91362,https://www.autolist.com/audi-q5#vin=WA12AAGU1S2084173
WA12AAGUXS2083250,2025,Audi,Q5,Premium Plus,45865,4480,True,Rusnak/Westlake Audi,Westlake Village,CA,91362,https://www.autolist.com/audi-q5#vin=WA12AAGUXS2083250
WA11AAGU3S2042096,2025,Audi,Q5,Premium,38474,6070,True,Audi San Diego,San Diego,CA,92126,https://www.autolist.com/audi-q5#vin=WA11AAGU3S2042096
WA11AAGU8S2041042,2025,Audi,Q5,Premium,39284,6591,True,Audi San Diego,San Diego,CA,92126,https://www.autolist.com/audi-q5#vin=WA11AAGU8S2041042
WA11AAGU9S2040093,2025,Audi,Q5,Premium,40045,6635,True,Audi San Diego,San Diego,CA,92126,https://www.autolist.com/audi-q5#vin=WA11AAGU9S2040093
WA11AAGUXS2017244,2025,Audi,Q5,Premium,40084,6731,True,Audi San Diego,San Diego,CA,92126,https://www.autolist.com/audi-q5#vin=WA11AAGUXS2017244
WA11AAGUXS2041155,2025,Audi,Q5,Premium,39324,7134,True,Audi San Diego,San Diego,CA,92126,https://www.autolist.com/audi-q5#vin=WA11AAGUXS2041155
WA11AAGU0S2102187,2025,Audi,Q5,Premium,40008,7546,True,Audi Ontario,Ontario,CA,91764,https://www.carfax.com/vehicle/WA11AAGU0S2102187
WA11AAGU1S2065991,2025,Audi,Q5,Premium,40897,7226,True,Audi Riverside,Riverside,CA,92504,https://www.carfax.com/vehicle/WA11AAGU1S2065991
WA12AAGU0S2034624,2025,Audi,Q5,Premium Plus,43836,6793,True,Audi Ontario,Ontario,CA,91764,https://www.carfax.com/vehicle/WA12AAGU0S2034624
WA12AAGU9S2092439,2025,Audi,Q5,Premium Plus,41585,9811,True,Audi Riverside,Riverside,CA,92504,https://www.carfax.com/vehicle/WA12AAGU9S2092439
WA11AAGU0S2073807,2025,Audi,Q5,Premium,39074,7106,True,Audi San Diego,San Diego,CA,92126,https://www.autolist.com/audi-q5#vin=WA11AAGU0S2073807
WA12AAGU3S2043737,2025,Audi,Q5,Premium Plus,42615,7679,True,Audi Pacific,Torrance,CA,90503,https://www.carfax.com/vehicle/WA12AAGU3S2043737
WA12AAGU7S2041960,2025,Audi,Q5,Premium Plus,41665,6442,True,Audi San Diego,San Diego,CA,92126,https://www.autolist.com/audi-q5#vin=WA12AAGU7S2041960
WA12AAGU0S2031979,2025,Audi,Q5,Premium Plus,42850,4815,True,Rusnak/Westlake Audi,Westlake Village,CA,91362,https://www.autolist.com/audi-q5#vin=WA12AAGU0S2031979
WA12AAGU9S2048215,2025,Audi,Q5,Premium Plus,41997,1234,True,Audi Riverside,Riverside,CA,92504,https://www.carfax.com/vehicle/WA12AAGU9S2048215
WA1G2AFY6P2075662,2023,Audi,Q5,Premium S line,35991,26687,True,Audi North OC,Placentia,CA,92870,https://www.autolist.com/audi-q5#vin=WA1G2AFY6P2075662
WA12AAGU2S2098308,2025,Audi,Q5,Premium Plus,42685,7598,True,Audi Ontario,Ontario,CA,91764,https://www.carfax.com/vehicle/WA12AAGU2S2098308
WA1E2AFY4S2006789,2025,Audi,Q5,Premium Plus S line,45299,8937,True,Audi Escondido,Escondido,CA,92029,https://www.autolist.com/audi-q5#vin=WA1E2AFY4S2006789
WA1E2AFY9R2010797,2024,Audi,Q5,Premium Plus S line,38999,28904,True,Audi Escondido,Escondido,CA,92029,https://www.autolist.com/audi-q5#vin=WA1E2AFY9R2010797
WA11AAGUXS2025005,2025,Audi,Q5,Premium,40675,9560,True,Audi Pacific,Torrance,CA,90503,https://www.carfax.com/vehicle/WA11AAGUXS2025005
WA12AAGU5S2043836,2025,Audi,Q5,Premium Plus,42675,2122,True,Audi Pacific,Torrance,CA,90503,https://www.carfax.com/vehicle/WA12AAGU5S2043836
WA1EAAFY9P2163857,2023,Audi,Q5,Premium Plus S line,29799,34944,True,Audi Escondido,Escondido,CA,92029,https://www.autolist.com/audi-q5#vin=WA1EAAFY9P2163857
W1N0G8DB1NG115669,2022,Mercedes-Benz,GLC 300,GLC 300,33999,36047,True,mercedes benz of escondido,Escondido,CA,92025,https://mbescondido.com/certified/Mercedes-Benz/2022-Mercedes-Benz-GLC-300-d0ff66a4ac182d59c0f767e2f62e629e.htm
W1N0G8DB9MV269217,2021,Mercedes-Benz,GLC 300,GLC 300,24999,67138,True,mercedes benz of escondido,Escondido,CA,92025,https://mbescondido.com/certified/Mercedes-Benz/2021-Mercedes-Benz-GLC-300-5a132ffeac182f002812faebc031fced.htm
W1NKM4GB1TF478644,2026,Mercedes-Benz,GLC 300,GLC 300,56065,9842,True,mercedes benz of escondido,Escondido,CA,92025,https://mbescondido.com/certified/Mercedes-Benz/2026-Mercedes-Benz-GLC-300-2768ccf6ac18090df99629c93225424d.htm
W1NKM4GB1TF485299,2026,Mercedes-Benz,GLC 300,GLC 300,58415,9118,True,mercedes benz of escondido,Escondido,CA,92025,https://mbescondido.com/certified/Mercedes-Benz/2026-Mercedes-Benz-GLC-300-5e566727ac18460669bf321091975dcb.htm
W1NKM4GB6TF524050,2026,Mercedes-Benz,GLC 300,GLC 300,52735,9368,True,mercedes benz of escondido,Escondido,CA,92025,https://mbescondido.com/certified/Mercedes-Benz/2026-Mercedes-Benz-GLC-300-59a1cc74ac18090da9ed9f9d5801f79d.htm
W1NKM4HB2TF559330,2026,Mercedes-Benz,GLC 300,4MATIC,55150,3951,True,mercedes benz of escondido,Escondido,CA,92025,https://mbescondido.com/certified/Mercedes-Benz/2026-Mercedes-Benz-GLC-300-5a133580ac183155ec812252bf9d5f1c.htm
W1NKM4HB2TU121497,2026,Mercedes-Benz,GLC 300,4MATIC,55570,2722,True,mercedes benz of escondido,Escondido,CA,92025,https://mbescondido.com/certified/Mercedes-Benz/2026-Mercedes-Benz-GLC-300-5a13248cac180b7620d871aed9ea2c6a.htm
W1NKM4HB3TU118219,2026,Mercedes-Benz,GLC 300,4MATIC,54685,5269,True,mercedes benz of escondido,Escondido,CA,92025,https://mbescondido.com/certified/Mercedes-Benz/2026-Mercedes-Benz-GLC-300-4b75959eac185c86e20efac40a1fae8f.htm
W1NKM4HB5TF471503,2026,Mercedes-Benz,GLC 300,4MATIC,62035,9353,True,mercedes benz of escondido,Escondido,CA,92025,https://mbescondido.com/certified/Mercedes-Benz/2026-Mercedes-Benz-GLC-300-86eeaf02ac1824b1018118ba05a57156.htm
W1NKM4HB5TF518433,2026,Mercedes-Benz,GLC 300,4MATIC,54100,4258,True,mercedes benz of escondido,Escondido,CA,92025,https://mbescondido.com/certified/Mercedes-Benz/2026-Mercedes-Benz-GLC-300-4b75927eac18090da9ed9f9d77913aeb.htm
W1NKM4HB6TU118439,2026,Mercedes-Benz,GLC 300,4MATIC,55335,5010,True,mercedes benz of escondido,Escondido,CA,92025,https://mbescondido.com/certified/Mercedes-Benz/2026-Mercedes-Benz-GLC-300-5a133436ac181e63234f4fee35d5dda1.htm
W1NKM4HB7TF529403,2026,Mercedes-Benz,GLC 300,4MATIC,54685,2673,True,mercedes benz of escondido,Escondido,CA,92025,https://mbescondido.com/certified/Mercedes-Benz/2026-Mercedes-Benz-GLC-300-5a132a46ac18416bf204246dc60b8a3f.htm
W1NKM4HB8TF473682,2026,Mercedes-Benz,GLC 300,4MATIC,62685,9099,True,mercedes benz of escondido,Escondido,CA,92025,https://mbescondido.com/certified/Mercedes-Benz/2026-Mercedes-Benz-GLC-300-5e56688eac180b7620d871ae58a351e9.htm
W1NKM4HB9TF533680,2026,Mercedes-Benz,GLC 300,4MATIC,54685,3772,True,mercedes benz of escondido,Escondido,CA,92025,https://mbescondido.com/certified/Mercedes-Benz/2026-Mercedes-Benz-GLC-300-5a132365ac181c35d475de4c74b8f86a.htm
W1NKM4HBXTU108190,2026,Mercedes-Benz,GLC 300,4MATIC,57940,9383,True,mercedes benz of escondido,Escondido,CA,92025,https://mbescondido.com/certified/Mercedes-Benz/2026-Mercedes-Benz-GLC-300-40504dc4ac183b953cbae2d123293c23.htm
W1NKM4GB1TF517250,2026,Mercedes-Benz,GLC 300,GLC 300,85,5556,True,mercedes benz of west covina,West Covina,CA,91791,https://mbwestcovina.com/certified/Mercedes-Benz/2026-Mercedes-Benz-GLC-300-44982b5cac180b4132bfb5712d6f4bf7.htm
W1NKM4GB5TF498654,2026,Mercedes-Benz,GLC 300,GLC 300,85,5247,True,mercedes benz of west covina,West Covina,CA,91791,https://mbwestcovina.com/certified/Mercedes-Benz/2026-Mercedes-Benz-GLC-300-44982583ac18460621052e7cec9cb56f.htm
W1NKM4GB8TF488376,2026,Mercedes-Benz,GLC 300,GLC 300,85,6834,True,mercedes benz of west covina,West Covina,CA,91791,https://mbwestcovina.com/certified/Mercedes-Benz/2026-Mercedes-Benz-GLC-300-44983cabac1827bd9540ac67913472ad.htm
W1N0G8EB2NV396360,2022,Mercedes-Benz,GLC 300,4MATIC,28999,27723,True,crown lexus,Ontario,CA,91761,https://crownlexus.com/certified/Mercedes-Benz/2022-Mercedes-Benz-GLC-300-59caec29ac1838d3cd4b4fc156c16158.htm
W1N0J8EB5PG165591,2023,Mercedes-Benz,GLC 300,4MATIC,38598,41087,True,crown lexus,Ontario,CA,91761,https://crownlexus.com/certified/Mercedes-Benz/2023-Mercedes-Benz-GLC-300-f2887b12ac18490df754131489d68bf9.htm
W1N0J8EB8PG165682,2023,Mercedes-Benz,GLC 300,GLC 300,38596,28928,True,crown lexus,Ontario,CA,91761,https://crownlexus.com/certified/Mercedes-Benz/2023-Mercedes-Benz-GLC-300-716769feac18347aee8c697d50ce6f33.htm
W1NKM4GB8TF578868,2026,Mercedes-Benz,GLC 300,GLC 300,45999,4997,True,crown lexus,Ontario,CA,91761,https://crownlexus.com/certified/Mercedes-Benz/2026-Mercedes-Benz-GLC-300-d90b8fe7ac180e13b403183b1dcdf2e7.htm
W1NKM4GBXTF581853,2026,Mercedes-Benz,GLC 300,GLC 300,44999,6628,True,crown lexus,Ontario,CA,91761,https://crownlexus.com/certified/Mercedes-Benz/2026-Mercedes-Benz-GLC-300-d8e96956ac182b044d8bf2dd4d7450db.htm
W1NKM4HB1PF026908,2023,Mercedes-Benz,GLC 300,4MATIC,34998,22721,True,crown lexus,Ontario,CA,91761,https://crownlexus.com/certified/Mercedes-Benz/2023-Mercedes-Benz-GLC-300-c955b5a8ac18044492d276165a484ca1.htm
